Region,mcode,lvcnt,lvdt2,bomb
West,1,347,3/24/1999,0
West,1,597,3/26/1999,0
West,1,1112,3/28/1999,0
West,1,1390,3/30/1999,0
West,1,2233,4/1/1999,0
West,1,4295,4/3/1999,0
West,1,5295,4/5/1999,0
West,1,40,4/7/1999,0
West,1,18,4/9/1999,0
West,1,20,4/11/1999,0
West,1,58,4/13/1999,0
West,1,59,4/15/1999,0
West,1,55,4/17/1999,0
West,1,79,4/19/1999,0
West,1,0,4/21/1999,0
West,1,11,4/23/1999,0
West,1,12,4/25/1999,0
West,1,188,4/27/1999,0
West,1,12,4/29/1999,0
West,1,0,5/1/1999,0
West,1,2,5/3/1999,0
West,1,2,5/5/1999,0
West,1,30,5/7/1999,1
West,1,19,5/9/1999,1
West,1,0,5/11/1999,1
West,1,0,5/13/1999,1
West,1,0,5/15/1999,1
West,1,0,5/17/1999,0
West,1,0,5/19/1999,0
West,1,0,5/21/1999,0
West,1,0,5/23/1999,0
West,1,0,5/25/1999,0
West,1,0,5/27/1999,0
West,2,863,3/24/1999,0
West,2,1584,3/26/1999,0
West,2,3207,3/28/1999,1
West,2,3514,3/30/1999,0
West,2,5780,4/1/1999,0
West,2,4796,4/3/1999,0
West,2,3828,4/5/1999,1
West,2,305,4/7/1999,0
West,2,322,4/9/1999,0
West,2,217,4/11/1999,1
West,2,360,4/13/1999,1
West,2,527,4/15/1999,0
West,2,916,4/17/1999,0
West,2,451,4/19/1999,0
West,2,165,4/21/1999,1
West,2,134,4/23/1999,0
West,2,97,4/25/1999,1
West,2,1421,4/27/1999,1
West,2,367,4/29/1999,0
West,2,155,5/1/1999,1
West,2,205,5/3/1999,0
West,2,335,5/5/1999,0
West,2,372,5/7/1999,1
West,2,184,5/9/1999,1
West,2,10,5/11/1999,0
West,2,0,5/13/1999,1
West,2,0,5/15/1999,1
West,2,0,5/17/1999,1
West,2,0,5/19/1999,0
West,2,0,5/21/1999,1
West,2,0,5/23/1999,1
West,2,0,5/25/1999,1
West,2,0,5/27/1999,1
North,3,20,3/24/1999,0
North,3,47,3/26/1999,0
North,3,32,3/28/1999,0
North,3,66,3/30/1999,0
North,3,37,4/1/1999,0
North,3,28,4/3/1999,0
North,3,23,4/5/1999,0
North,3,33,4/7/1999,0
North,3,87,4/9/1999,0
North,3,16,4/11/1999,0
North,3,17,4/13/1999,0
North,3,31,4/15/1999,0
North,3,47,4/17/1999,0
North,3,31,4/19/1999,0
North,3,116,4/21/1999,0
North,3,1,4/23/1999,0
North,3,2,4/25/1999,0
North,3,1,4/27/1999,0
North,3,1,4/29/1999,1
North,3,2,5/1/1999,0
North,3,1,5/3/1999,1
North,3,24,5/5/1999,0
North,3,1,5/7/1999,0
North,3,38,5/9/1999,0
North,3,0,5/11/1999,1
North,3,0,5/13/1999,0
North,3,0,5/15/1999,0
North,3,0,5/17/1999,0
North,3,0,5/19/1999,0
North,3,0,5/21/1999,0
North,3,0,5/23/1999,0
North,3,0,5/25/1999,1
North,3,0,5/27/1999,1
East,4,169,3/24/1999,0
East,4,312,3/26/1999,0
East,4,797,3/28/1999,1
East,4,498,3/30/1999,1
East,4,400,4/1/1999,0
East,4,218,4/3/1999,0
East,4,136,4/5/1999,0
East,4,34,4/7/1999,0
East,4,47,4/9/1999,0
East,4,23,4/11/1999,0
East,4,32,4/13/1999,0
East,4,87,4/15/1999,1
East,4,178,4/17/1999,0
East,4,0,4/19/1999,0
East,4,2,4/21/1999,0
East,4,6,4/23/1999,0
East,4,0,4/25/1999,0
East,4,20,4/27/1999,0
East,4,0,4/29/1999,0
East,4,0,5/1/1999,0
East,4,0,5/3/1999,0
East,4,0,5/5/1999,0
East,4,0,5/7/1999,1
East,4,0,5/9/1999,1
East,4,0,5/11/1999,0
East,4,0,5/13/1999,0
East,4,0,5/15/1999,0
East,4,0,5/17/1999,0
East,4,0,5/19/1999,1
East,4,0,5/21/1999,0
East,4,0,5/23/1999,1
East,4,0,5/25/1999,0
East,4,0,5/27/1999,0
South,5,464,3/24/1999,0
South,5,992,3/26/1999,0
South,5,2136,3/28/1999,0
South,5,2743,3/30/1999,0
South,5,8246,4/1/1999,0
South,5,2030,4/3/1999,0
South,5,2646,4/5/1999,0
South,5,2,4/7/1999,0
South,5,1,4/9/1999,0
South,5,2,4/11/1999,0
South,5,5,4/13/1999,0
South,5,8,4/15/1999,0
South,5,8,4/17/1999,0
South,5,1,4/19/1999,0
South,5,0,4/21/1999,0
South,5,0,4/23/1999,0
South,5,7,4/25/1999,0
South,5,1,4/27/1999,0
South,5,23,4/29/1999,0
South,5,0,5/1/1999,0
South,5,0,5/3/1999,0
South,5,0,5/5/1999,0
South,5,0,5/7/1999,0
South,5,0,5/9/1999,0
South,5,0,5/11/1999,0
South,5,0,5/13/1999,0
South,5,0,5/15/1999,1
South,5,0,5/17/1999,0
South,5,0,5/19/1999,0
South,5,0,5/21/1999,0
South,5,0,5/23/1999,0
South,5,0,5/25/1999,1
South,5,0,5/27/1999,0
West,6,286,3/24/1999,0
West,6,478,3/26/1999,0
West,6,1158,3/28/1999,0
West,6,340,3/30/1999,0
West,6,557,4/1/1999,0
West,6,388,4/3/1999,0
West,6,487,4/5/1999,0
West,6,502,4/7/1999,0
West,6,340,4/9/1999,0
West,6,347,4/11/1999,1
West,6,723,4/13/1999,0
West,6,707,4/15/1999,0
West,6,800,4/17/1999,0
West,6,1375,4/19/1999,0
West,6,479,4/21/1999,0
West,6,98,4/23/1999,0
West,6,91,4/25/1999,0
West,6,159,4/27/1999,0
West,6,107,4/29/1999,0
West,6,2,5/1/1999,1
West,6,62,5/3/1999,1
West,6,121,5/5/1999,0
West,6,1321,5/7/1999,0
West,6,1737,5/9/1999,0
West,6,0,5/11/1999,0
West,6,0,5/13/1999,0
West,6,0,5/15/1999,0
West,6,0,5/17/1999,1
West,6,0,5/19/1999,1
West,6,0,5/21/1999,1
West,6,0,5/23/1999,1
West,6,0,5/25/1999,1
West,6,0,5/27/1999,1
East,7,12,3/24/1999,0
East,7,23,3/26/1999,0
East,7,44,3/28/1999,0
East,7,104,3/30/1999,0
East,7,189,4/1/1999,0
East,7,88,4/3/1999,0
East,7,45,4/5/1999,0
East,7,0,4/7/1999,0
East,7,0,4/9/1999,0
East,7,0,4/11/1999,0
East,7,0,4/13/1999,0
East,7,0,4/15/1999,0
East,7,0,4/17/1999,0
East,7,0,4/19/1999,0
East,7,0,4/21/1999,0
East,7,0,4/23/1999,0
East,7,0,4/25/1999,0
East,7,0,4/27/1999,0
East,7,0,4/29/1999,0
East,7,0,5/1/1999,0
East,7,10,5/3/1999,1
East,7,0,5/5/1999,0
East,7,0,5/7/1999,0
East,7,0,5/9/1999,0
East,7,0,5/11/1999,0
East,7,0,5/13/1999,0
East,7,0,5/15/1999,0
East,7,0,5/17/1999,0
East,7,0,5/19/1999,0
East,7,0,5/21/1999,1
East,7,0,5/23/1999,1
East,7,0,5/25/1999,0
East,7,0,5/27/1999,1
West,8,364,3/24/1999,0
West,8,662,3/26/1999,0
West,8,1762,3/28/1999,0
West,8,967,3/30/1999,0
West,8,786,4/1/1999,0
West,8,435,4/3/1999,0
West,8,713,4/5/1999,0
West,8,116,4/7/1999,0
West,8,121,4/9/1999,0
West,8,59,4/11/1999,0
West,8,93,4/13/1999,0
West,8,151,4/15/1999,1
West,8,190,4/17/1999,0
West,8,89,4/19/1999,0
West,8,46,4/21/1999,0
West,8,10,4/23/1999,0
West,8,29,4/25/1999,0
West,8,51,4/27/1999,0
West,8,184,4/29/1999,0
West,8,131,5/1/1999,0
West,8,143,5/3/1999,0
West,8,33,5/5/1999,0
West,8,63,5/7/1999,0
West,8,394,5/9/1999,0
West,8,0,5/11/1999,1
West,8,0,5/13/1999,0
West,8,0,5/15/1999,1
West,8,0,5/17/1999,0
West,8,0,5/19/1999,0
West,8,0,5/21/1999,1
West,8,0,5/23/1999,0
West,8,0,5/25/1999,1
West,8,0,5/27/1999,1
East,9,410,3/24/1999,0
East,9,356,3/26/1999,0
East,9,483,3/28/1999,0
East,9,379,3/30/1999,0
East,9,528,4/1/1999,0
East,9,418,4/3/1999,0
East,9,479,4/5/1999,0
East,9,841,4/7/1999,0
East,9,1651,4/9/1999,0
East,9,873,4/11/1999,1
East,9,1518,4/13/1999,0
East,9,1014,4/15/1999,0
East,9,2060,4/17/1999,0
East,9,436,4/19/1999,0
East,9,10,4/21/1999,0
East,9,37,4/23/1999,0
East,9,0,4/25/1999,0
East,9,0,4/27/1999,1
East,9,0,4/29/1999,0
East,9,0,5/1/1999,0
East,9,0,5/3/1999,0
East,9,9,5/5/1999,0
East,9,0,5/7/1999,0
East,9,0,5/9/1999,1
East,9,0,5/11/1999,0
East,9,0,5/13/1999,0
East,9,0,5/15/1999,0
East,9,0,5/17/1999,0
East,9,0,5/19/1999,1
East,9,0,5/21/1999,1
East,9,0,5/23/1999,0
East,9,0,5/25/1999,0
East,9,0,5/27/1999,1
East,10,7,3/24/1999,0
East,10,13,3/26/1999,0
East,10,51,3/28/1999,0
East,10,3,3/30/1999,0
East,10,12,4/1/1999,0
East,10,1,4/3/1999,0
East,10,0,4/5/1999,0
East,10,0,4/7/1999,0
East,10,0,4/9/1999,0
East,10,0,4/11/1999,0
East,10,0,4/13/1999,0
East,10,0,4/15/1999,0
East,10,0,4/17/1999,0
East,10,0,4/19/1999,0
East,10,0,4/21/1999,0
East,10,0,4/23/1999,0
East,10,0,4/25/1999,0
East,10,10,4/27/1999,0
East,10,0,4/29/1999,0
East,10,0,5/1/1999,0
East,10,0,5/3/1999,0
East,10,6,5/5/1999,0
East,10,0,5/7/1999,0
East,10,0,5/9/1999,0
East,10,0,5/11/1999,1
East,10,0,5/13/1999,0
East,10,0,5/15/1999,0
East,10,0,5/17/1999,0
East,10,0,5/19/1999,0
East,10,0,5/21/1999,0
East,10,0,5/23/1999,0
East,10,0,5/25/1999,1
East,10,0,5/27/1999,0
North,11,820,3/24/1999,0
North,11,1002,3/26/1999,0
North,11,1566,3/28/1999,1
North,11,1066,3/30/1999,0
North,11,1016,4/1/1999,1
North,11,838,4/3/1999,0
North,11,869,4/5/1999,0
North,11,910,4/7/1999,0
North,11,1022,4/9/1999,0
North,11,1109,4/11/1999,0
North,11,2176,4/13/1999,0
North,11,5216,4/15/1999,1
North,11,4364,4/17/1999,0
North,11,1593,4/19/1999,0
North,11,668,4/21/1999,0
North,11,22,4/23/1999,0
North,11,72,4/25/1999,0
North,11,64,4/27/1999,1
North,11,358,4/29/1999,0
North,11,225,5/1/1999,0
North,11,424,5/3/1999,1
North,11,121,5/5/1999,0
North,11,432,5/7/1999,0
North,11,1462,5/9/1999,1
North,11,39,5/11/1999,1
North,11,0,5/13/1999,1
North,11,0,5/15/1999,1
North,11,0,5/17/1999,0
North,11,0,5/19/1999,0
North,11,0,5/21/1999,1
North,11,0,5/23/1999,0
North,11,0,5/25/1999,0
North,11,0,5/27/1999,0
North,12,11,3/24/1999,0
North,12,20,3/26/1999,0
North,12,39,3/28/1999,0
North,12,66,3/30/1999,0
North,12,229,4/1/1999,0
North,12,102,4/3/1999,0
North,12,4,4/5/1999,0
North,12,8,4/7/1999,0
North,12,35,4/9/1999,0
North,12,0,4/11/1999,0
North,12,0,4/13/1999,0
North,12,0,4/15/1999,1
North,12,0,4/17/1999,0
North,12,0,4/19/1999,0
North,12,0,4/21/1999,0
North,12,0,4/23/1999,0
North,12,0,4/25/1999,1
North,12,0,4/27/1999,0
North,12,0,4/29/1999,0
North,12,0,5/1/1999,0
North,12,0,5/3/1999,0
North,12,0,5/5/1999,0
North,12,0,5/7/1999,0
North,12,0,5/9/1999,0
North,12,0,5/11/1999,1
North,12,0,5/13/1999,0
North,12,0,5/15/1999,0
North,12,0,5/17/1999,0
North,12,0,5/19/1999,0
North,12,0,5/21/1999,0
North,12,0,5/23/1999,0
North,12,0,5/25/1999,0
North,12,0,5/27/1999,0
East,13,240,3/24/1999,0
East,13,256,3/26/1999,0
East,13,397,3/28/1999,0
East,13,156,3/30/1999,1
East,13,204,4/1/1999,0
East,13,201,4/3/1999,0
East,13,179,4/5/1999,0
East,13,167,4/7/1999,0
East,13,300,4/9/1999,0
East,13,284,4/11/1999,0
East,13,497,4/13/1999,0
East,13,963,4/15/1999,0
East,13,2420,4/17/1999,0
East,13,579,4/19/1999,0
East,13,0,4/21/1999,0
East,13,0,4/23/1999,0
East,13,0,4/25/1999,0
East,13,0,4/27/1999,0
East,13,0,4/29/1999,0
East,13,3,5/1/1999,0
East,13,0,5/3/1999,0
East,13,4,5/5/1999,1
East,13,0,5/7/1999,1
East,13,0,5/9/1999,1
East,13,0,5/11/1999,1
East,13,0,5/13/1999,1
East,13,0,5/15/1999,0
East,13,0,5/17/1999,1
East,13,0,5/19/1999,0
East,13,0,5/21/1999,1
East,13,0,5/23/1999,1
East,13,0,5/25/1999,1
East,13,0,5/27/1999,0
East,14,1,3/24/1999,0
East,14,2,3/26/1999,0
East,14,0,3/28/1999,0
East,14,2,3/30/1999,0
East,14,1,4/1/1999,0
East,14,1,4/3/1999,0
East,14,1,4/5/1999,0
East,14,2,4/7/1999,0
East,14,2,4/9/1999,0
East,14,2,4/11/1999,0
East,14,5,4/13/1999,0
East,14,17,4/15/1999,0
East,14,0,4/17/1999,0
East,14,0,4/19/1999,0
East,14,0,4/21/1999,0
East,14,0,4/23/1999,0
East,14,0,4/25/1999,0
East,14,0,4/27/1999,0
East,14,0,4/29/1999,0
East,14,0,5/1/1999,0
East,14,0,5/3/1999,0
East,14,0,5/5/1999,0
East,14,0,5/7/1999,0
East,14,0,5/9/1999,0
East,14,0,5/11/1999,0
East,14,0,5/13/1999,0
East,14,0,5/15/1999,0
East,14,0,5/17/1999,0
East,14,0,5/19/1999,0
East,14,0,5/21/1999,0
East,14,0,5/23/1999,0
East,14,0,5/25/1999,0
East,14,0,5/27/1999,1
North,15,41,3/24/1999,0
North,15,66,3/26/1999,0
North,15,142,3/28/1999,0
North,15,97,3/30/1999,1
North,15,66,4/1/1999,0
North,15,37,4/3/1999,0
North,15,58,4/5/1999,0
North,15,35,4/7/1999,0
North,15,24,4/9/1999,0
North,15,26,4/11/1999,0
North,15,41,4/13/1999,0
North,15,132,4/15/1999,0
North,15,30,4/17/1999,0
North,15,86,4/19/1999,0
North,15,5,4/21/1999,1
North,15,14,4/23/1999,0
North,15,23,4/25/1999,0
North,15,73,4/27/1999,1
North,15,118,4/29/1999,0
North,15,50,5/1/1999,1
North,15,0,5/3/1999,0
North,15,11,5/5/1999,0
North,15,2,5/7/1999,0
North,15,77,5/9/1999,1
North,15,0,5/11/1999,1
North,15,0,5/13/1999,0
North,15,0,5/15/1999,0
North,15,0,5/17/1999,0
North,15,0,5/19/1999,0
North,15,0,5/21/1999,0
North,15,0,5/23/1999,0
North,15,0,5/25/1999,0
North,15,0,5/27/1999,0
West,16,1399,3/24/1999,0
West,16,2442,3/26/1999,0
West,16,6471,3/28/1999,0
West,16,4559,3/30/1999,0
West,16,5748,4/1/1999,1
West,16,6720,4/3/1999,0
West,16,1091,4/5/1999,0
West,16,387,4/7/1999,1
West,16,399,4/9/1999,0
West,16,297,4/11/1999,0
West,16,295,4/13/1999,0
West,16,316,4/15/1999,0
West,16,239,4/17/1999,0
West,16,251,4/19/1999,0
West,16,130,4/21/1999,0
West,16,73,4/23/1999,0
West,16,60,4/25/1999,0
West,16,92,4/27/1999,0
West,16,655,4/29/1999,0
West,16,488,5/1/1999,0
West,16,1616,5/3/1999,0
West,16,205,5/5/1999,0
West,16,669,5/7/1999,0
West,16,538,5/9/1999,0
West,16,82,5/11/1999,0
West,16,0,5/13/1999,0
West,16,0,5/15/1999,1
West,16,0,5/17/1999,0
West,16,0,5/19/1999,0
West,16,0,5/21/1999,0
West,16,0,5/23/1999,0
West,16,0,5/25/1999,1
West,16,0,5/27/1999,0
West,17,1237,3/24/1999,0
West,17,2279,3/26/1999,0
West,17,6974,3/28/1999,1
West,17,2239,3/30/1999,0
West,17,1324,4/1/1999,1
West,17,1304,4/3/1999,0
West,17,3503,4/5/1999,0
West,17,297,4/7/1999,0
West,17,137,4/9/1999,0
West,17,141,4/11/1999,1
West,17,261,4/13/1999,0
West,17,237,4/15/1999,1
West,17,121,4/17/1999,0
West,17,168,4/19/1999,0
West,17,28,4/21/1999,0
West,17,47,4/23/1999,0
West,17,83,4/25/1999,0
West,17,111,4/27/1999,0
West,17,253,4/29/1999,0
West,17,153,5/1/1999,1
West,17,127,5/3/1999,1
West,17,136,5/5/1999,0
West,17,1774,5/7/1999,0
West,17,885,5/9/1999,1
West,17,0,5/11/1999,0
West,17,0,5/13/1999,1
West,17,0,5/15/1999,1
West,17,0,5/17/1999,0
West,17,0,5/19/1999,1
West,17,0,5/21/1999,1
West,17,0,5/23/1999,0
West,17,0,5/25/1999,1
West,17,0,5/27/1999,1
North,18,5,3/24/1999,0
North,18,9,3/26/1999,0
North,18,16,3/28/1999,0
North,18,36,3/30/1999,0
North,18,55,4/1/1999,0
North,18,28,4/3/1999,0
North,18,18,4/5/1999,0
North,18,7,4/7/1999,0
North,18,6,4/9/1999,0
North,18,6,4/11/1999,1
North,18,4,4/13/1999,0
North,18,6,4/15/1999,0
North,18,8,4/17/1999,0
North,18,3,4/19/1999,0
North,18,5,4/21/1999,0
North,18,9,4/23/1999,0
North,18,7,4/25/1999,0
North,18,4,4/27/1999,0
North,18,2,4/29/1999,1
North,18,73,5/1/1999,0
North,18,1,5/3/1999,0
North,18,36,5/5/1999,0
North,18,0,5/7/1999,1
North,18,0,5/9/1999,0
North,18,0,5/11/1999,1
North,18,0,5/13/1999,0
North,18,0,5/15/1999,0
North,18,0,5/17/1999,1
North,18,0,5/19/1999,0
North,18,0,5/21/1999,1
North,18,0,5/23/1999,0
North,18,0,5/25/1999,0
North,18,0,5/27/1999,0
East,19,404,3/24/1999,1
East,19,757,3/26/1999,0
East,19,1927,3/28/1999,1
East,19,1563,3/30/1999,1
East,19,1753,4/1/1999,1
East,19,685,4/3/1999,0
East,19,694,4/5/1999,1
East,19,141,4/7/1999,1
East,19,174,4/9/1999,0
East,19,44,4/11/1999,1
East,19,58,4/13/1999,1
East,19,104,4/15/1999,1
East,19,113,4/17/1999,1
East,19,55,4/19/1999,1
East,19,8,4/21/1999,1
East,19,26,4/23/1999,1
East,19,18,4/25/1999,1
East,19,75,4/27/1999,1
East,19,102,4/29/1999,1
East,19,62,5/1/1999,1
East,19,2,5/3/1999,1
East,19,101,5/5/1999,1
East,19,0,5/7/1999,1
East,19,0,5/9/1999,1
East,19,1,5/11/1999,1
East,19,0,5/13/1999,1
East,19,0,5/15/1999,0
East,19,0,5/17/1999,1
East,19,0,5/19/1999,1
East,19,0,5/21/1999,1
East,19,0,5/23/1999,1
East,19,0,5/25/1999,1
East,19,0,5/27/1999,1
South,20,3355,3/24/1999,0
South,20,6117,3/26/1999,0
South,20,16834,3/28/1999,1
South,20,8710,3/30/1999,0
South,20,6052,4/1/1999,0
South,20,2791,4/3/1999,0
South,20,3482,4/5/1999,1
South,20,795,4/7/1999,1
South,20,611,4/9/1999,0
South,20,542,4/11/1999,1
South,20,722,4/13/1999,0
South,20,1148,4/15/1999,0
South,20,1262,4/17/1999,0
South,20,607,4/19/1999,0
South,20,230,4/21/1999,0
South,20,125,4/23/1999,0
South,20,280,4/25/1999,0
South,20,558,4/27/1999,1
South,20,4770,4/29/1999,0
South,20,2662,5/1/1999,0
South,20,293,5/3/1999,0
South,20,192,5/5/1999,1
South,20,189,5/7/1999,0
South,20,196,5/9/1999,1
South,20,136,5/11/1999,0
South,20,0,5/13/1999,1
South,20,0,5/15/1999,1
South,20,0,5/17/1999,1
South,20,0,5/19/1999,1
South,20,0,5/21/1999,1
South,20,0,5/23/1999,1
South,20,0,5/25/1999,1
South,20,0,5/27/1999,1
North,21,272,3/24/1999,0
North,21,351,3/26/1999,0
North,21,587,3/28/1999,0
North,21,518,3/30/1999,0
North,21,588,4/1/1999,0
North,21,397,4/3/1999,0
North,21,452,4/5/1999,0
North,21,329,4/7/1999,0
North,21,401,4/9/1999,0
North,21,348,4/11/1999,1
North,21,792,4/13/1999,0
North,21,1303,4/15/1999,0
North,21,729,4/17/1999,0
North,21,215,4/19/1999,0
North,21,84,4/21/1999,0
North,21,1,4/23/1999,0
North,21,9,4/25/1999,0
North,21,6,4/27/1999,0
North,21,168,4/29/1999,0
North,21,1,5/1/1999,0
North,21,0,5/3/1999,0
North,21,15,5/5/1999,0
North,21,3,5/7/1999,0
North,21,55,5/9/1999,1
North,21,36,5/11/1999,0
North,21,0,5/13/1999,0
North,21,0,5/15/1999,0
North,21,0,5/17/1999,0
North,21,0,5/19/1999,0
North,21,0,5/21/1999,0
North,21,0,5/23/1999,0
North,21,0,5/25/1999,0
North,21,0,5/27/1999,0
East,22,2,3/24/1999,0
East,22,5,3/26/1999,0
East,22,2,3/28/1999,0
East,22,6,3/30/1999,0
East,22,6,4/1/1999,0
East,22,5,4/3/1999,0
East,22,11,4/5/1999,0
East,22,10,4/7/1999,0
East,22,28,4/9/1999,0
East,22,15,4/11/1999,0
East,22,7,4/13/1999,0
East,22,16,4/15/1999,0
East,22,44,4/17/1999,0
East,22,8,4/19/1999,0
East,22,4,4/21/1999,0
East,22,4,4/23/1999,0
East,22,0,4/25/1999,0
East,22,4,4/27/1999,0
East,22,4,4/29/1999,0
East,22,4,5/1/1999,0
East,22,0,5/3/1999,0
East,22,0,5/5/1999,0
East,22,8,5/7/1999,0
East,22,4,5/9/1999,1
East,22,178,5/11/1999,1
East,22,0,5/13/1999,1
East,22,0,5/15/1999,1
East,22,0,5/17/1999,0
East,22,0,5/19/1999,0
East,22,0,5/21/1999,0
East,22,0,5/23/1999,0
East,22,0,5/25/1999,1
East,22,0,5/27/1999,1
South,23,0,3/24/1999,0
South,23,0,3/26/1999,0
South,23,0,3/28/1999,0
South,23,0,3/30/1999,0
South,23,0,4/1/1999,0
South,23,2,4/3/1999,0
South,23,5,4/5/1999,0
South,23,0,4/7/1999,0
South,23,0,4/9/1999,0
South,23,0,4/11/1999,0
South,23,0,4/13/1999,0
South,23,0,4/15/1999,0
South,23,0,4/17/1999,0
South,23,0,4/19/1999,0
South,23,0,4/21/1999,0
South,23,0,4/23/1999,0
South,23,0,4/25/1999,0
South,23,0,4/27/1999,0
South,23,0,4/29/1999,0
South,23,0,5/1/1999,0
South,23,0,5/3/1999,0
South,23,0,5/5/1999,0
South,23,0,5/7/1999,0
South,23,0,5/9/1999,0
South,23,0,5/11/1999,0
South,23,0,5/13/1999,0
South,23,0,5/15/1999,0
South,23,0,5/17/1999,0
South,23,0,5/19/1999,0
South,23,0,5/21/1999,0
South,23,0,5/23/1999,1
South,23,0,5/25/1999,1
South,23,0,5/27/1999,0
South,24,1261,3/24/1999,0
South,24,2269,3/26/1999,0
South,24,5128,3/28/1999,0
South,24,4945,3/30/1999,0
South,24,7640,4/1/1999,0
South,24,8026,4/3/1999,0
South,24,7999,4/5/1999,0
South,24,718,4/7/1999,0
South,24,531,4/9/1999,0
South,24,219,4/11/1999,1
South,24,173,4/13/1999,0
South,24,239,4/15/1999,0
South,24,375,4/17/1999,0
South,24,571,4/19/1999,0
South,24,214,4/21/1999,0
South,24,84,4/23/1999,0
South,24,157,4/25/1999,1
South,24,151,4/27/1999,0
South,24,595,4/29/1999,0
South,24,489,5/1/1999,0
South,24,751,5/3/1999,1
South,24,52,5/5/1999,0
South,24,200,5/7/1999,0
South,24,218,5/9/1999,0
South,24,1021,5/11/1999,1
South,24,0,5/13/1999,0
South,24,0,5/15/1999,0
South,24,0,5/17/1999,1
South,24,0,5/19/1999,0
South,24,0,5/21/1999,0
South,24,0,5/23/1999,0
South,24,0,5/25/1999,1
South,24,0,5/27/1999,0
East,25,68,3/24/1999,0
East,25,116,3/26/1999,0
East,25,309,3/28/1999,0
East,25,142,3/30/1999,0
East,25,94,4/1/1999,0
East,25,47,4/3/1999,0
East,25,103,4/5/1999,0
East,25,77,4/7/1999,0
East,25,96,4/9/1999,0
East,25,63,4/11/1999,1
East,25,65,4/13/1999,0
East,25,121,4/15/1999,1
East,25,219,4/17/1999,1
East,25,28,4/19/1999,1
East,25,18,4/21/1999,0
East,25,33,4/23/1999,0
East,25,0,4/25/1999,0
East,25,13,4/27/1999,0
East,25,26,4/29/1999,0
East,25,20,5/1/1999,0
East,25,0,5/3/1999,0
East,25,0,5/5/1999,1
East,25,26,5/7/1999,1
East,25,13,5/9/1999,1
East,25,525,5/11/1999,1
East,25,0,5/13/1999,1
East,25,0,5/15/1999,1
East,25,0,5/17/1999,0
East,25,0,5/19/1999,0
East,25,0,5/21/1999,1
East,25,0,5/23/1999,1
East,25,0,5/25/1999,1
East,25,0,5/27/1999,1
East,26,1,3/24/1999,0
East,26,0,3/26/1999,0
East,26,0,3/28/1999,0
East,26,0,3/30/1999,1
East,26,0,4/1/1999,0
East,26,0,4/3/1999,0
East,26,0,4/5/1999,0
East,26,1,4/7/1999,0
East,26,2,4/9/1999,0
East,26,3,4/11/1999,0
East,26,12,4/13/1999,0
East,26,0,4/15/1999,0
East,26,0,4/17/1999,0
East,26,0,4/19/1999,0
East,26,0,4/21/1999,0
East,26,0,4/23/1999,0
East,26,0,4/25/1999,0
East,26,0,4/27/1999,0
East,26,0,4/29/1999,0
East,26,0,5/1/1999,0
East,26,0,5/3/1999,0
East,26,0,5/5/1999,0
East,26,0,5/7/1999,0
East,26,0,5/9/1999,0
East,26,0,5/11/1999,0
East,26,0,5/13/1999,0
East,26,0,5/15/1999,0
East,26,0,5/17/1999,0
East,26,0,5/19/1999,0
East,26,0,5/21/1999,0
East,26,0,5/23/1999,0
East,26,0,5/25/1999,0
East,26,0,5/27/1999,0
North,27,325,3/24/1999,0
North,27,430,3/26/1999,0
North,27,869,3/28/1999,0
North,27,551,3/30/1999,0
North,27,742,4/1/1999,0
North,27,448,4/3/1999,0
North,27,338,4/5/1999,0
North,27,269,4/7/1999,0
North,27,359,4/9/1999,0
North,27,365,4/11/1999,0
North,27,613,4/13/1999,0
North,27,1193,4/15/1999,0
North,27,1766,4/17/1999,0
North,27,734,4/19/1999,0
North,27,251,4/21/1999,0
North,27,67,4/23/1999,0
North,27,10,4/25/1999,0
North,27,11,4/27/1999,0
North,27,58,4/29/1999,0
North,27,192,5/1/1999,0
North,27,1098,5/3/1999,1
North,27,3,5/5/1999,0
North,27,116,5/7/1999,0
North,27,0,5/9/1999,0
North,27,6,5/11/1999,0
North,27,0,5/13/1999,0
North,27,0,5/15/1999,0
North,27,0,5/17/1999,0
North,27,0,5/19/1999,0
North,27,0,5/21/1999,0
North,27,0,5/23/1999,0
North,27,0,5/25/1999,1
North,27,0,5/27/1999,1
North,28,3,3/24/1999,0
North,28,4,3/26/1999,0
North,28,3,3/28/1999,0
North,28,2,3/30/1999,0
North,28,3,4/1/1999,0
North,28,2,4/3/1999,0
North,28,3,4/5/1999,0
North,28,3,4/7/1999,0
North,28,4,4/9/1999,0
North,28,4,4/11/1999,0
North,28,9,4/13/1999,0
North,28,26,4/15/1999,0
North,28,28,4/17/1999,0
North,28,0,4/19/1999,0
North,28,0,4/21/1999,0
North,28,0,4/23/1999,0
North,28,0,4/25/1999,0
North,28,0,4/27/1999,1
North,28,0,4/29/1999,0
North,28,0,5/1/1999,0
North,28,0,5/3/1999,0
North,28,0,5/5/1999,0
North,28,0,5/7/1999,0
North,28,0,5/9/1999,1
North,28,0,5/11/1999,0
North,28,0,5/13/1999,0
North,28,0,5/15/1999,0
North,28,0,5/17/1999,0
North,28,0,5/19/1999,0
North,28,0,5/21/1999,0
North,28,0,5/23/1999,1
North,28,0,5/25/1999,1
North,28,0,5/27/1999,0
North,29,0,3/24/1999,0
North,29,0,3/26/1999,0
North,29,0,3/28/1999,0
North,29,2,3/30/1999,0
North,29,2,4/1/1999,0
North,29,9,4/3/1999,0
North,29,0,4/5/1999,0
North,29,0,4/7/1999,0
North,29,0,4/9/1999,0
North,29,0,4/11/1999,0
North,29,0,4/13/1999,0
North,29,0,4/15/1999,0
North,29,0,4/17/1999,0
North,29,0,4/19/1999,0
North,29,0,4/21/1999,0
North,29,0,4/23/1999,0
North,29,0,4/25/1999,0
North,29,0,4/27/1999,0
North,29,0,4/29/1999,0
North,29,0,5/1/1999,0
North,29,0,5/3/1999,0
North,29,0,5/5/1999,0
North,29,0,5/7/1999,0
North,29,0,5/9/1999,0
North,29,0,5/11/1999,0
North,29,0,5/13/1999,0
North,29,0,5/15/1999,0
North,29,0,5/17/1999,0
North,29,0,5/19/1999,1
North,29,0,5/21/1999,1
North,29,0,5/23/1999,0
North,29,0,5/25/1999,0
North,29,0,5/27/1999,0
